{
  "project_info": {
    "project_number": "979218975911",
    "firebase_url": "https://proyek-mobile-programming-default-rtdb.asia-southeast1.firebasedatabase.app",
    "project_id": "proyek-mobile-programming",
    "storage_bucket": "proyek-mobile-programming.appspot.com"
  },
  "client": [
    {
      "client_info": {
        "mobilesdk_app_id": "1:979218975911:android:9368ac3d1b43002fa2df82",
        "android_client_info": {
          "package_name": "com.example.proyekmobileprogramming"
        }
      },
      "oauth_client": [
        {
          "client_id": "979218975911-p761rln6l7hs36gl5b5ncl3bq8kmlh54.apps.googleusercontent.com",
          "client_type": 3
        }
      ],
      "api_key": [
        {
          "current_key": "AIzaSyAYqkt_FfMwncwrT9WXEyLNhTXXkRKeXJ4"
        }
      ],
      "services": {
        "appinvite_service": {
          "other_platform_oauth_client": [
            {
              "client_id": "979218975911-p761rln6l7hs36gl5b5ncl3bq8kmlh54.apps.googleusercontent.com",
              "client_type": 3
            }
          ]
        }
      }
    }
  ],
  "configuration_version": "1"
}